Key,Id,Arabic (Saudi Arabia)(ar-SA),Bulgarian (Bulgaria)(bg-BG),Chinese (Simplified)(zh-CN),Chinese (Traditional)(zh-TW),Czech (Czech Republic)(cs-CZ),Dutch (Belgium)(nl-BE),Dutch (Netherlands)(nl-NL),English (United Kingdom)(en-GB),French (France)(fr-FR),German (Germany)(de-DE),Hindi (India)(hi-IN),Italian (Italy)(it-IT),Japanese (Japan)(ja-JP),Polish (Poland)(pl-PL),Russian (Russia)(ru-RU),Spanish (Spain)(es-ES),Swedish (Sweden)(sv-SE)
"sushi_title",50099904530,"سوشي","Суши","寿司","壽司","Sushi","Sushi","Sushi","Sushi","Sushi","Sushi","सुशी","Sushi","寿司","Sushi","Суши","Sushi","Sushi"
"sushi_subtitle",50099904531,"طعام ياباني شهي","Японски деликатес","日本美食","日本美食","Japonská delikatesa","Japans lekkernij","Japans lekkernij","Japanese Delicacy","Délicatesse japonaise","Japanische Delikatesse","जापानी व्यंजन","Prelibatezza giapponese","日本の珍味","Japo_ski przysmak","Японский Деликатес","Delicias japonesas","Japansk delikatess"
"sushi_description",50099904532,"لفائف السوشي الطازجة مع الأرز والأعشاب البحرية والأسماك.","Пресни суши рулца с ориз, водорасли и риба.","新鲜的寿司卷，配有米饭、海藻和鱼。","新鮮的壽司卷，配有米飯、海藻和魚。","Čerstvé sushi rolky s rýží, mořskými řasami a rybami.","Verse sushirollen met rijst, zeewier en vis.","Verse sushirollen met rijst, zeewier en vis.","Fresh sushi rolls with rice, seaweed, and fish.","Rouleaux de sushi frais avec riz, algues et poisson.","Frische Sushi-Rollen mit Reis, Seetang und Fisch.","चावल, समुद्री शैवाल और मछली के साथ ताज़ा सुशी रोल।","Rotoli di sushi freschi con riso, alghe e pesce.","ご飯、海藻、魚を使った新鮮な巻き寿司。","_wie_e rolki sushi z ry_em, wodorostami i ryb_.","Свежие суши-роллы с рисом, водорослями и рыбой.","Rollos de sushi frescos con arroz, algas y pescado.","Rollos de sushi frescos con arroz, algas y pescado."
"bavarian_beer_title",50095710208,"البيرة البافارية","Баварска бира","巴伐利亚啤酒","巴伐利亞啤酒","Bavorské pivo","Bavariaans bier","Bavariaans bier","Bavarian Beer","Bière bavaroise","Bayerisches Bier","बवेरियन बीयर","Birra bavarese","バイエルンビール","Piwo bawarskie","Баварское пиво","Cerveza bávara","Bayert öl"
"bavarian_beer_subtitle",50095710209,"المشروب الألماني التقليدي","Традиционна немска напитка","传统德国饮品","傳統德國飲品","Tradiční německý nápoj","Traditioneel Duits drankje","Traditioneel Duits drankje","Traditional German Beverage","Boisson allemande traditionnelle","Traditionelles deutsches Getränk","पारंपरिक जर्मन पेय","Bevanda tradizionale tedesca","伝統的なドイツの飲み物","Tradycyjny niemiecki napój","Традиционный немецкий напиток","Bebida tradicional alemana","Traditionell tysk dryck"
"bavarian_beer_description",50095710210,"بيرة بافارية منعشة تُصنع من أجود أنواع الشعير والجنجل.","Освежаваща баварска бира, приготвена от най-добри ечемик и хмел.","用优质大麦和啤酒花酿造的清爽巴伐利亚啤酒。","用優質大麥和啤酒花釀造的清爽巴伐利亞啤酒。","Svěživé bavorské pivo uvařené z nejlepšího ječmene a chmele.","Een fris, verfrissend Beiers bier gebrouwen met de beste gerst en hop.","Een fris, verfrissend Beiers bier gebrouwen met de beste gerst en hop.","A crisp, refreshing Bavarian beer brewed from the finest barley and hops.","Une bière bavaroise croustillante et rafraîchissante brassée à partir du meilleur orge et houblon.","Ein frisches, erfrischendes bayerisches Bier, gebraut aus feinstem Gerstenmalz und Hopfen.","बेहतरीन जौ और हॉप्स से बनी एक कुरकुरी, ताज़ा बवेरियन बीयर।","Una birra bavarese croccante e rinfrescante prodotta con il miglior orzo e luppolo.","最高級の大麦とホップで醸造されたさわやかなバイエルンビール。","Chrupiące, orzeźwiające bawarskie piwo warzone z najlepszego jęczmienia i chmielu.","Свежее баварское пиво, сваренное из лучшего ячменя и хмеля.","Una cerveza bávara refrescante elaborada con la mejor cebada y lúpulo.","En fräsch, uppfriskande bayersk öl bryggd av det finaste kornet och humle."
"apple_strudle_title",50095710211,"فطيرة التفاح","Ябълков штрудел","苹果卷","蘋果捲","Jablečný závin","Appelstrudel","Appelstrudel","Apple Strudle","Strudel aux pommes","Apfelstrudel","एप्पल स्ट्रूडल","Strudel di mele","アップルシュトゥルーデル","Strudel jabłkowy","Яблочный штрудель","Strudel de manzana","Äppelstrudel"
"apple_strudle_subtitle",50095710212,"حلوى نمساوية تقليدية","Класически австрийски десерт","经典奥地利甜点","經典奧地利甜點","Klasický rakouský dezert","Klassisch Oostenrijks dessert","Klassiek Oostenrijks dessert","Classic Austrian Dessert","Dessert autrichien classique","Klassisches österreichisches Dessert","क्लासिक ऑस्ट्रियाई डेज़र्ट","Dolce austriaco classico","クラシックなオーストリアのデザート","Klasyczny austriacki deser","Классический австрийский десерт","Postre clásico austriaco","Klassisk österrikisk efterrätt"
"apple_strudle_description",50095710213,"فطيرة دافئة محشوة بالتفاح المتبل والزبيب الذهبي.","Топло тесто, пълнено с подправени ябълки и златисти стафиди.","温暖的糕点，内含五香苹果和金色葡萄干。","溫暖的糕點，內含五香蘋果和金色葡萄乾。","Teplé pečivo plněné kořeněnými jablky a zlatými rozinkami.","Warm gebak gevuld met gekruide appels en gouden rozijnen.","Warm gebak gevuld met gekruide appels en gouden rozijnen.","Warm pastry filled with spiced apples and golden raisins.","Pâtisserie chaude garnie de pommes épicées et de raisins secs dorés.","Warmes Gebäck mit gewürzten Äpfeln und goldenen Rosinen.","मसालेदार सेब और सुनहरी किशमिश से भरी गर्म पेस्ट्री।","Pasta calda ripiena di mele speziate e uvetta dorata.","スパイス入りリンゴとゴールデンレーズンを詰めた温かいペストリー。","Ciepłe ciasto nadziewane przyprawionymi jabłkami i złotymi rodzynekami.","Тёплая выпечка с пряными яблоками и золотистым изюмом.","Pastelería caliente rellena de manzanas especiadas y pasas doradas.","Varm bakelse fylld med kryddade äpplen och gyllene russin."
"pancakes_title",50095710214,"بان كيك","Палачинки","薄煎饼","薄煎餅","Palačinky","Pannenkoeken","Pannenkoeken","Pancakes","Crêpes","Pfannkuchen","पैनकेक","Panini","パンケーキ","Naleśniki","Блины","Tortitas","Pannkakor"
"pancakes_subtitle",50095710215,"المفضلة في الفطور","Любима закуска за закуска","早餐最爱","早餐最愛","Oblíbená snídaně","Favoriet ontbijt","Favoriet ontbijt","Breakfast Favorite","Petit-déjeuner préféré","Beliebtes Frühstück","नाश्ते का पसंदीदा","Colazione preferita","朝食のお気に入り","Ulubione śniadanie","Любимый завтрак","Desayuno favorito","Favoritfrukost"
"pancakes_description",50095710216,"فطائر رقيقة تقدم مع الشراب والتوت الطازج.","Пухкави палачинки, сервирани със сироп и пресни плодове.","蓬松的煎饼配糖浆和新鲜浆果。","蓬鬆的煎餅配糖漿和新鮮漿果。","Nadýchané palačinky podávané se sirupem a čerstvým ovocem.","Luchtige pannenkoeken geserveerd met siroop en verse bessen.","Luchtige pannenkoeken geserveerd met siroop en verse bessen.","Fluffy pancakes served with syrup and fresh berries.","Des crêpes moelleuses servies avec du sirop et des baies fraîches.","Fluffige Pfannkuchen mit Sirup und frischen Beeren.","सिरप और ताज़े जामुन के साथ परोसे जाने वाले फूली हुई पैनकेक।","Frittelle soffici servite con sciroppo e frutti di bosco freschi.","シロップと新鮮なベリーと一緒に提供されるふわふわのパンケーキ。","Puszyste naleśniki podawane z syropem i świeżymi owocami.","Пышные блины с сиропом и свежими ягодами.","Tortitas esponjosas servidas con sirope y bayas frescas.","Fluffiga pannkakor serverade med sirap och färska bär."
"gazpacho_title",50095710217,"غازباتشو","Гаспачо","西班牙冷汤","西班牙冷湯","Gazpacho","Gazpacho","Gazpacho","Gazpacho","Gazpacho","Gazpacho","गैज़्पाचो","Gazpacho","ガスパチョ","Gazpacho","Гаспачо","Gazpacho","Gazpacho"
"gazpacho_subtitle",50095710218,"شوربة إسبانية باردة","Испанска студена супа","冰镇西班牙汤","冰鎮西班牙湯","Španělská studená polévka","Spannse koude soep","Spaanse koude soep","Chilled Spanish Soup","Soupe espagnole froide","Kalte spanische Suppe","स्पेनिश ठंडी सूप","Zuppa fredda spagnola","冷たいスペインのスープ","Zimna hiszpańska zupa","Холодный испанский суп","Sopa fría española","Kall spansk soppa"
"gazpacho_description",50095710219,"شوربة طماطم وخضروات منعشة تقدم باردة.","Освежаваща супа от домати и зеленчуци, сервирана студена.","清爽的番茄蔬菜汤，冷食。","清爽的番茄蔬菜湯，冷食。","Osvěžující rajčatová a zeleninová polévka podávaná studená.","Verfrissende tomaten- en groentesoep geserveerd koud.","Verfrissende tomaten- en groentesoep geserveerd koud.","Refreshing tomato and vegetable soup served cold.","Soupe rafraîchissante à la tomate et aux légumes servie froide.","Erfrischende Tomaten-Gemüsesuppe, kalt serviert.","ठंडा परोसा जाने वाला ताज़ा टमाटर और सब्जी का सूप।","Zuppa rinfrescante di pomodoro e verdure servita fredda.","冷たくして提供されるさわやかなトマトと野菜のスープ。","Orzeźwiająca zupa pomidorowo-warzywna podawana na zimno.","Освежающий томатный и овощной суп, подается холодным.","Sopa refrescante de tomate y verduras servida fría.","Uppfriskande tomat- och grönsakssoppa serverad kall."
"cappuccino_title",50095710220,"كابتشينو","Капучино","卡布奇诺","卡布奇諾","Cappuccino","Cappuccino","Cappuccino","Cappuccino","Cappuccino","Cappuccino","कैप्पुकिनो","Cappuccino","カプチーノ","Cappuccino","Капучино","Capuchino","Cappuccino"
"cappuccino_subtitle",50095710221,"مشروب إسبريسو","Напитка еспресо","浓缩咖啡饮品","濃縮咖啡飲品","Nápoj z espressa","Espressodrank","Espressodrank","Espresso Drink","Boisson à l'espresso","Espresso-Getränk","एस्प्रेसो ड्रिंक","Bevanda all'espresso","エスプレッソドリンク","Napój espresso","Эспрессо-напиток","Bebida de espresso","Espressodryck"
"cappuccino_description",50095710222,"إسبريسو غني يعلوه رغوة الحليب المبخر.","Богато еспресо, покрито с пара от млячна пяна.","浓郁的浓缩咖啡，上面是蒸牛奶泡沫。","濃郁的濃縮咖啡，上面是蒸牛奶泡沫。","Bohaté espresso se šlehačkou z páry.","Rijke espresso met gestoomde melkschuim.","Rijke espresso met gestoomde melkschuim.","Rich espresso topped with steamed milk foam.","Un espresso riche surmonté de mousse de lait à la vapeur.","Kräftiger Espresso mit gedämpftem Milchschaum.","भाप वाले दूध के झाग से सजा गाढ़ा एस्प्रेसो।","Ricco espresso con schiuma di latte al vapore.","蒸気で泡立てたミルクのフォームをのせた濃厚なエスプレッソ。","Bogate espresso z spienionym mlekiem na parze.","Насыщенный эспрессо с молочной пенкой.","Espresso rico cubierto con espuma de leche al vapor.","Kraftfull espresso med ångad mjölkskum."
"pizza_spinaci_formaggio_title",50099904512,"بيتزا بالسبانخ والجبن","Пица със спанак и сирене","菠菜奶酪披萨","菠菜奶酪披薩","Pizza se špenátem a sýrem","Pizza met spinazie en kaas","Pizza met spinazie en kaas","Pizza con Spinaci e Formaggio","Pizza aux épinards et fromage","Pizza mit Spinat und Käse","पालक और पनीर वाली पिज्जा","Pizza con spinaci e formaggio","ほうれん草とチーズのピザ","Pizza ze szpinakiem i serem","Пицца со шпинатом и сыром","Pizza con espinacas y queso","Pizza med spenat och ost"
"pizza_spinaci_formaggio_subtitle",50099904513,"بيتزا إيطالية ريفية","Селска италианска пица","乡村意大利披萨","鄉村意大利披薩","Venkovská italská pizza","Landelijke Italiaanse pizza","Landelijke Italiaanse pizza","Rustic Italian Pizza","Pizza italienne rustique","Rustikale italienische Pizza","देहाती इतालवी पिज्जा","Pizza italiana rustica","素朴なイタリアのピザ","Rustykalna włoska pizza","Деревенская итальянская пицца","Pizza italiana rústica","Rustik italiensk pizza"
"pizza_spinaci_formaggio_description",50099904514,"بيتزا مغطاة بسبانخ صغير، موزاريلا كريمية وصلصة طماطم غنية.","Пица, покрита със спанак, кремообразна моцарела и богат доматен сос.","披萨上铺满嫩菠菜、奶油马苏里拉奶酪和浓郁的番茄酱。","披薩上鋪滿嫩菠菜、奶油馬蘇里拉奶酪和濃郁的番茄醬。","Pizza pokrytá baby špenátem, krémovou mozzarellou a bohatou rajčatovou omáčkou.","Pizza belegd met babyspinazie, romige mozzarella en rijke tomatensaus.","Pizza belegd met babyspinazie, romige mozzarella en rijke tomatensaus.","Pizza topped with baby spinach, creamy mozzarella, and rich tomato sauce.","Pizza garnie de jeunes épinards, de mozzarella crémeuse et d'une riche sauce tomate.","Pizza belegt mit Babyspinat, cremigem Mozzarella und reichhaltiger Tomatensauce.","पालक, क्रीमी मोज़ेरेला और अमीर टमाटर सॉस के साथ टॉप्ड पिज्जा।","Pizza condita con spinaci baby, mozzarella cremosa e ricca salsa di pomodoro.","ベビースピナッチ、クリーミーなモッツァレラ、濃厚なトマトソースをトッピングしたピザ。","Pizza z młodym szpinakiem, kremową mozzarellą i bogatym sosem pomidorowym.","Пицца с молодым шпинатом, сливочной моцареллой и насыщенным томатным соусом.","Pizza cubierta con espinacas tiernas, mozzarella cremosa y rica salsa de tomate.","Pizza toppad med babyspenat, krämig mozzarella och rik tomatssås."
"lohikeitto_title",50099904515,"لوهيكيتو","Лохикейто","三文鱼汤","三文魚湯","Lohikeitto","Lohikeitto","Lohikeitto","Lohikeitto","Lohikeitto","Lohikeitto","लोहिकीटो","Lohikeitto","ロヒケイット","Lohikeitto","Лохикейтто","Lohikeitto","Lohikeitto"
"lohikeitto_subtitle",50099904516,"شوربة السلمون الفنلندية","Финландска супа от сьомга","芬兰三文鱼汤","芬蘭三文魚湯","Finská lososová polévka","Finse zalmsoep","Finse zalmsoep","Finnish Salmon Soup","Soupe finlandaise au saumon","Finnische Lachssuppe","फिनिश सैल्मन सूप","Zuppa finlandese di salmone","フィンランドのサーモンスープ","Fińska zupa łososiowa","Финский суп с лососем","Sopa finlandesa de salmón","Finsk laxsoppa"
"lohikeitto_description",50099904517,"شوربة السلمون الكريمية مع البطاطس والشبت.","Кремообразна супа от сьомга с картофи и копър.","奶油三文鱼汤配土豆和莳萝。","奶油三文魚湯配土豆和蒔蘿。","Krémová lososová polévka s bramborami a koprem.","Romige zalmsoep met aardappelen en dille.","Romige zalmsoep met aardappelen en dille.","Creamy salmon soup with potatoes and dill.","Soupe crémeuse au saumon avec pommes de terre et aneth.","Cremige Lachssuppe mit Kartoffeln und Dill.","आलू और सोया के साथ क्रीमी सामन सूप।","Zuppa cremosa di salmone con patate e aneto.","ジャガイモとディルを入れたクリーミーなサーモンスープ。","Kremowa zupa łososiowa z ziemniakami i koperkiem.","Сливочный суп с лососем, картофелем и укропом.","Sopa cremosa de salmón con patatas y eneldo.","Krämig laxsoppa med potatis och dill."
"ratatouille_title",50099904518,"راتاتوي","Рататуй","普罗旺斯炖菜","普羅旺斯燉菜","Ratatouille","Ratatouille","Ratatouille","Ratatouille","Ratatouille","Ratatouille","रतातुइल्ले","Ratatouille","ラタトゥイユ","Ratatouille","Рататуй","Ratatouille","Ratatouille"
"ratatouille_subtitle",50099904519,"يخنة الخضار الفرنسية","Френска зеленчукова яхния","法式蔬菜炖菜","法式蔬菜燉菜","Francouzský zeleninový guláš","Franse groentestoofpot","Franse groentestoofpot","French Vegetable Stew","Ragoût de légumes français","Französischer Gemüseeintopf","फ्रेंच सब्जी स्ट्यू","Stufato di verdure francese","フランスの野菜シチュー","Francuski gulasz warzywny","Французское овощное рагу","Estofado de verduras francés","Fransk grönsaksgryta"
"ratatouille_description",50099904520,"يخنة غنية بالخضروات الطازجة والأعشاب.","Сытна яхния от пресни зеленчуци и подправки.","新鲜蔬菜和香草炖制的丰盛炖菜。","新鮮蔬菜和香草燉製的豐盛燉菜。","Vydatný guláš z čerstvé zeleniny a bylinek.","Een stevige stoofpot van verse groenten en kruiden.","Een stevige stoofpot van verse groenten en kruiden.","A hearty stew of fresh vegetables and herbs.","Un ragoût copieux de légumes frais et d'herbes.","Ein herzhafter Eintopf aus frischem Gemüse und Kräutern.","ताजी सब्जियों और जड़ी-बूटियों का एक हार्दिक स्ट्यू।","Uno stufato sostanzioso di verdure fresche ed erbe aromatiche.","新鮮な野菜とハーブを使ったハートフルなシチュー。","Pożywna potrawka ze świeżych warzyw i ziół.","Сытное рагу из свежих овощей и трав.","Un estofado abundante de verduras frescas y hierbas.","En stadig gryta med färska grönsaker och örter."
"alfredo_pasta_title",50099904521,"معكرونة ألفريدو","Паста Алфредо","阿尔弗雷多意面","阿爾弗雷多意麵","Alfredo těstoviny","Alfredo-pasta","Alfredo-pasta","Alfredo Pasta","Pâtes Alfredo","Alfredo-Pasta","अल्फ्रेडो पास्ता","Pasta Alfredo","アルフレードパスタ","Makaron Alfredo","Паста Альфредо","Pasta Alfredo","Alfredopasta"
"alfredo_pasta_subtitle",50099904522,"المعكرونة الإيطالية الكريمية","Кремова италианска паста","奶油意大利面","奶油義大利麵","Krémové italské těstoviny","Romige Italiaanse pasta","Romige Italiaanse pasta","Creamy Italian Pasta","Pâtes italiennes crémeuses","Cremige italienische Pasta","क्रीमी इतालवी पास्ता","Pasta italiana cremosa","クリーミーなイタリアのパスタ","Kremowy włoski makaron","Кремовая итальянская паста","Pasta italiana cremosa","Krämig italiensk pasta"
"alfredo_pasta_description",50099904523,"معكرونة غنية مع صلصة ألفريدو الكريمية والبارميزان.","Богата паста с кремов сос Алфредо и пармезан.","浓郁的意大利面配奶油阿尔弗雷多酱和帕尔马干酪。","濃郁的義大利麵配奶油阿爾弗雷多醬和帕馬森乾酪。","Bohaté těstoviny s krémovou Alfredo omáčkou a parmezánem.","Rijke pasta met romige Alfredosaus en parmezaan.","Rijke pasta met romige Alfredosaus en parmezaan.","Rich pasta with creamy Alfredo sauce and parmesan.","Des pâtes riches avec une sauce Alfredo crémeuse et du parmesan.","Reichhaltige Pasta mit cremiger Alfredo-Sauce und Parmesan.","क्रीमी अल्फ्रेडो सॉस और परमेसन के साथ समृद्ध पास्ता।","Pasta ricca con salsa Alfredo cremosa e parmigiano.","クリーミーなアルフレードソースとパルメザンチーズのリッチなパスタ。","Bogaty makaron z kremowym sosem Alfredo i parmezanem.","Сытная паста с сливочным соусом Альфредо и пармезаном.","Pasta rica con salsa Alfredo cremosa y parmesano.","Rik pasta med krämig Alfredosås och parmesan."
"mexican_taco_title",50099904524,"تاكو مكسيكي","Мексиканско тако","墨西哥塔可","墨西哥塔可","Mexické taco","Mexicaanse taco","Mexicaanse taco","Mexican Taco","Taco mexicain","Mexikanischer Taco","मैक्सिकन टैको","Taco messicano","メキシコのタコス","Meksykańskie taco","Мексиканское тако","Taco mexicano","Mexikansk taco"
"mexican_taco_subtitle",50099904525,"الطعام المكسيكي الحار في الشوارع","Пикантна мексиканска улична храна","墨西哥街头辣味小吃","墨西哥街頭辣味小吃","Pikantní mexické pouliční jídlo","Pittig Mexicaans straatvoedsel","Pittig Mexicaans straatvoedsel","Spicy Mexican Street Food","Nourriture de rue mexicaine épicée","Würziges mexikanisches Straßenessen","मसालेदार मैक्सिकन स्ट्रीट फूड","Cibo di strada messicano piccante","スパイシーなメキシコの屋台料理","Pikantne meksykańskie jedzenie uliczne","Острая мексиканская уличная еда","Comida callejera mexicana picante","Kryddig mexikansk gatumat"
"mexican_taco_description",50099904526,"أقراص الذرة الطرية محشوة بلحم البقر المتبل والإضافات الطازجة.","Меки царевични тортили, пълнени с подправена телешко и пресни добавки.","柔软的玉米饼，内馅为五香牛肉和新鲜配料。","柔軟的玉米餅，內餡為五香牛肉和新鮮配料。","Měkké kukuřičné tortilly plněné kořeněným hovězím masem a čerstvými přísadami.","Zachte maïstortilla's gevuld met gekruid rundvlees en verse toppings.","Zachte maïstortilla's gevuld met gekruid rundvlees en verse toppings.","Soft corn tortillas filled with spiced beef and fresh toppings.","Des tortillas de maïs souples garnies de bœuf épicé et de garnitures fraîches.","Weiche Mais-Tortillas gefüllt mit gewürztem Rindfleisch und frischen Belägen.","मसालेदार बीफ और ताजे टॉपिंग से भरे नरम मकई के टॉर्टिला।","Tortillas di mais morbide ripiene di manzo speziato e condimenti freschi.","スパイシーな牛肉と新鮮なトッピングを詰めた柔らかいコーントルティーヤ。","Miękkie tortille kukurydziane nadziewane pikantną wołowiną i świeżymi dodatkami.","Мягкие кукурузные лепешки с пряной говядиной и свежими начинками.","Tortillas de maíz suaves rellenas de carne de res especiada y ingredientes frescos.","Mjuka majstortillas fyllda med kryddat nötkött och färska pålägg."
"samosa_title",50099904527,"ساموسا","Самоса","萨莫萨三角饺","薩莫薩三角餃","Samosa","Samosa","Samosa","Samosa","Samosa","Samosa","समोसा","Samosa","サモサ","Samosa","Самоса","Samosa","Samosa"
"samosa_subtitle",50099904528,"وجبة خفيفة هندية","Индийска закуска","印度小吃","印度小吃","Indická svačina","Indisch hapje","Indisch hapje","Indian Snack","Snack indien","Indischer Snack","भारतीय नाश्ता","Spuntino indiano","インドのスナック","Indyjska przekąska","Индийская закуска","Aperitivo indio","Indiskt mellanmål"
"samosa_description",50099904529,"عجينة مقرمشة محشوة بالبطاطس المتبلة والبازلاء.","Хрупкаво тесто, пълнено с подправени картофи и грах.","酥脆的糕点，内馅为五香土豆和豌豆。","酥脆的糕點，內餡為五香土豆和豌豆。","Křupavé těsto plněné kořeněnými bramborami a hráškem.","Knapperig gebak gevuld met gekruide aardappelen en erwten.","Knapperig gebak gevuld met gekruide aardappelen en erwten.","Crispy pastry filled with spiced potatoes and peas.","Pâtisserie croustillante garnie de pommes de terre épicées et de pois.","Knuspriges Gebäck gefüllt mit gewürzten Kartoffeln und Erbsen.","मसालेदार आलू और मटर से भरा कुरकुरा पेस्ट्री।","Pasta croccante ripiena di patate speziate e piselli.","スパイスで味付けしたジャガイモとエンドウ豆を詰めたサクサクのペストリー。","Chrupiące ciasto nadziewane przyprawionymi ziemniakami i groszkiem.","Хрустящее тесто с пряным картофелем и горошком.","Pastelería crujiente rellena de patatas especiadas y guisantes.","Krispigt bakverk fyllt med kryddad potatis och ärtor."
"xiaolongbao_title",50104098816,"شياولونغباو","Сяолунбао","小笼包","小籠包","Xiaolongbao","Xiaolongbao","Xiaolongbao","Xiaolongbao","Xiaolongbao","Xiaolongbao","ज़ियाओलोंगबाओ","Xiaolongbao","小籠包","Xiaolongbao","Сяолунбао","Xiaolongbao","Xiaolongbao"
"xiaolongbao_subtitle",50104098817,"زلابية الحساء الصينية","Китайски супени кнедли","中式汤包","中式湯包","Čínské polévkové knedlíky","Chinese soepdumplings","Chinese soepdumplings","Chinese Soup Dumplings","Boulettes de soupe chinoises","Chinesische Suppenknödel","चीनी सूप डम्पलिंग्स","Gnocchi di zuppa cinesi","中華スープ餃子","Chińskie pierożki z zupą","Китайские суповые пельмени","Empanadillas de sopa chinas","Kinesiska soppdump"
"xiaolongbao_description",50104098818,"زلابية طرية محشوة بلحم خنزير عصيري ومرق عطري.","Нежни кнедли, пълнени с сочна свинска месо и ароматен бульон.","皮薄馅多的小笼包，内含多汁猪肉和香浓汤汁","皮薄餡多的小籠包，內含多汁豬肉和香濃湯汁","Něžné knedlíky plněné šťavnatým vepřovým masem a voňavým vývarem.","Zachte dumplings gevuld met sappig varkensvlees en aromatische bouillon.","Zachte dumplings gevuld met sappig varkensvlees en aromatische bouillon.","Tender dumplings filled with juicy pork and aromatic broth.","Boulettes tendres garnies de porc juteux et bouillon aromatique.","Zarte Knödel gefüllt mit saftigem Schweinefleisch und aromatischer Brühe.","रसदार सूअर का मांस और सुगंधित शोरबा से भरा नाजुक डम्पलिंग।","Delicati gnocchi ripieni di succosa carne di maiale e brodo aromatico.","ジューシーな豚肉と香り高いスープが詰まった繊細な小籠包","Delikatne pierożki nadziewane soczystą wieprzowiną i aromatycznym bulionem.","Нежные пельмени с сочной свининой и ароматным бульоном.","Tiernos dumplings rellenos de jugoso cerdo y caldo aromático.","Mjuka dumplings fyllda med saftig fläskkött och aromatisk buljong."
"nutrition_calories",50104098819,"سعرات حرارية","Калории","卡路里","卡路里","Kalorie","Calorieën","Calorieën","Calories","Calories","Kalorien","कैलोरी","Calorie","カロリー","Kalorie","Калории","Calorías","Kalorier"
"nutrition_protein",50104098820,"بروتين","Протеин","蛋白质","蛋白質","Bílkoviny","Eiwit","Eiwit","Protein","Protéines","Protein","प्रोटीन","Proteine","タンパク質","Białko","Белок","Proteína","Protein"
"nutrition_carbs",50104098821,"كربوهيدرات","Въглехидрати","碳水化合物","碳水化合物","Sacharidy","Koolhydraten","Koolhydraten","Carbohydrates","Glucides","Kohlenhydrate","कार्बोहाइड्रेट","Carboidrati","炭水化物","Węglowodany","Углеводы","Carbohidratos","Kolhydrater"
"nutrition_fat",50104098822,"دهون","Мазнини","脂肪","脂肪","Tuky","Vet","Vet","Fat","Graisses","Fett","वसा","Grassi","脂肪","Tłuszcze","Жиры","Grasas","Fett"
"nutrition_sugar",50104098823,"سكر","Захар","糖","糖","Cukr","Suiker","Suiker","Sugar","Sucres","Zucker","चीनी","Zucchero","砂糖","Cukier","Сахар","Azúcar","Socker"
"nutrition_sodium",50104098824,"صوديوم","Натрий","钠","鈉","Sodík","Natrium","Natrium","Sodium","Sodium","Natrium","सोडियम","Sodio","ナトリウム","Sód","Sodium","Sodio","Natrium"
"ingredient_barley",50104098825,"ملت الشعير","Ечемичен малц","大麦麦芽","大麥麥芽","Ječný slad","Gerstemout","Gerstemout","Barley Malt","Orge maltée","Gerstenmalz","जौ माल्ट","Malto d'orzo","大麦麦芽","Słód jęczmienny","Ячменный солод","Malta de cebada","Kornmalt"
"ingredient_hops",50104098826,"جنجل","Хмел","啤酒花","啤酒花","Chmel","Hop","Hop","Hops","Houblon","Hopfen","हॉप्स","Luppolo","ホップ","Chmiel","Хмель","Lúpulo","Humle"
"ingredient_water",50104098827,"ماء","Вода","水","水","Voda","Water","Water","Water","Eau","Wasser","पानी","Acqua","水","Woda","Вода","Agua","Vatten"
"ingredient_yeast",50104098828,"خميرة","Майка","酵母","酵母","Droždí","Gist","Gist","Yeast","Levure","Hefe","खमीर","Lievito","酵母","Drożdże","Дрожжи","Levadura","Jäst"
"ingredient_co2",50104098829,"ثاني أكسيد الكربون","Въглероден диоксид","二氧化碳","二氧化碳","Oxid uhličitý","Koolstofdioxide","Koolstofdioxide","Carbon Dioxide","Dioxyde de carbone","Kohlendioxid","कार्बन डाइऑक्साइड","Diossido di carbonio","二酸化炭素","Dwutlenek węgla","Диоксид углерода","Dióxido de carbono","Koldioxid"
"ingredient_apple",50104098830,"تفاح","Ябълки","苹果","蘋果","Jablka","Appels","Appels","Apples","Pommes","Äpfel","सेब","Mele","リンゴ","Jabłka","Яблоки","Manzanas","Äpplen"
"ingredient_dough",50104098831,"عجين الفطائر","Тесто за сладкиши","糕点面团","糕點麵團","Linecké těsto","Bladerdeeg","Bladerdeeg","Pastry Dough","Pâte feuilletée","Blätterteig","पेस्ट्री आटा","Pasta sfoglia","パイ生地","Ciasto francuskie","Слоёное тесто","Masa de hojaldre","Pastadeg"
"ingredient_cinnamon",50104098832,"قرفة","Канела","肉桂","肉桂","Skořice","Kaneel","Kaneel","Cinnamon","Cannelle","Zimt","दालचीनी","Cannella","シナモン","Cynamon","Корица","Canela","Kanel"
"ingredient_sugar",50104098833,"سكر","Захар","糖","糖","Cukr","Suiker","Suiker","Sugar","Sucres","Zucker","चीनी","Zucchero","砂糖","Cukier","Сахар","Azúcar","Socker"
"ingredient_butter",50104098834,"زبدة","Масло","黄油","黃油","Máslo","Boter","Boter","Butter","Beurre","Butter","मक्खन","Burro","バター","Masło","Масло","Mantequilla","Smör"
"ingredient_raisins",50104098835,"زبيب","Стафиди","葡萄干","葡萄乾","Rozinky","Rozijnen","Rozijnen","Raisins","Raisins secs","Rosinen","किशमिश","Uvetta","レーズン","Rodzynki","Изюм","Pasas","Rusiner"
"ingredient_lemon",50104098836,"قشر الليمون","Лимонова кора","柠檬皮","檸檬皮","Citrónová kůra","Citroenschil","Citroenschil","Lemon Zest","Zeste de citron","Zitronenschale","निम्बू का छिलका","Scorza di limone","レモンの皮","Skórka cytrynowa","Лимонная цедра","Ralladura de limón","Citronskal"
"ingredient_flour",50104098837,"طحين","Брашно","面粉","麵粉","Moulin","Meel","Meel","Flour","Farine","Mehl","आटा","Farina","小麦粉","Mąka","Мука","Harina","Vetemjöl"
"ingredient_egg",50104098838,"بيض","Яйца","鸡蛋","雞蛋","Vejce","Eieren","Eieren","Eggs","Oeufs","Eier","अंडे","Uova","卵","Jajka","Яйца","Huevos","Ägg"
"ingredient_milk",50104098839,"حليب","Мляко","牛奶","牛奶","Mléko","Melk","Melk","Milk","Lait","Milch","दूध","Latte","牛乳","Mleko","Молоко","Leche","Mjölk"
"ingredient_baking",50104098840,"بيكنج باودر","Бакпулвер","泡打粉","泡打粉","Prášek do pečiva","Bakpoeder","Bakpoeder","Baking Powder","Levure chimique","Backpulver","बेकिंग पाउडर","Lievito in polvere","ベーキングパウダー","Proszek do pieczenia","Разрыхлитель","Polvo de hornear","Bakpulver"
"ingredient_berries",50108293120,"توت أزرق","Боровинки","蓝莓","藍莓","Borůvky","Bosbessen","Bosbessen","Blueberries","Myrtilles","Heidelbeeren","ब्लूबेरी","Mirtilli","ブルーベリー","Jagody","Черника","Arándanos","Blåbär"
"ingredient_tomato",50108293121,"طماطم","Домати","番茄","番茄","Rajčata","Tomaten","Tomaten","Tomatoes","Tomates","Tomaten","टमाटर","Pomodori","トマト","Pomidory","Помидоры","Tomates","Tomat"
"ingredient_cucumber",50108293122,"خيار","Краставица","黄瓜","黃瓜","Okurka","Komkommer","Komkommer","Cucumber","Concombre","Gurke","खीरा","Cetriolo","キュウリ","Ogórek","Огурец","Pepino","Gurka"
"ingredient_bell_pepper",50108293123,"فلفل رومي","Чушка","甜椒","甜椒","Paprika","Paprika","Paprika","Bell Pepper","Poivron","Paprika","शिमला मिर्च","Peperone","ピーマン","Papryka","Болгарский перец","Pimiento","Paprika"
"ingredient_onion",50108293124,"بصل","Лук","洋葱","洋葱","Cibule","Ui","Ui","Onion","Oignon","Zwiebel","प्याज","Cipolla","タマネギ","Cebula","Лук","Cebolla","Lök"
"ingredient_garlic",50108293125,"ثوم","Чесън","大蒜","大蒜","Česnek","Knoflook","Knoflook","Garlic","Ail","Knoblauch","लहसुन","Aglio","ニンニク","Czosnek","Чеснок","Ajo","Vitlök"
"ingredient_oil",50108293126,"زيت الزيتون","Зехтин","橄榄油","橄欖油","Olivový olej","Olijfolie","Olijfolie","Olive Oil","Huile d'olive","Olivenöl","जैतून का तेल","Olio d'oliva","オリーブオイル","Oliwa z oliwek","Оливковое масло","Aceite de oliva","Olivolja"
"ingredient_bread",50108293127,"خبز","Хляб","面包","麵包","Chléb","Brood","Brood","Bread","Pain","Brot","रोटी","Pane","パン","Chleb","Хлеб","Pan","Bröd"
"ingredient_vinegar",50108293128,"خل","Оцет","醋","醋","Ocet","Azijn","Azijn","Vinegar","Vinaigre","Essig","सिरका","Aceto","酢","Ocet","Уксус","Vinagre","Vinäger"
"ingredient_coffee",50108293129,"إسبرسو","Еспресо","浓缩咖啡","濃縮咖啡","Espresso","Espresso","Espresso","Espresso","Espresso","Espresso","एस्प्रेसो","Espresso","エスプレッソ","Espresso","Эспрессо","Espresso","Espresso"
"ingredient_cocoa",50108293130,"مسحوق الكاكاو","Какао на прах","可可粉","可可粉","Kakao","Cacaopoeder","Cacaopoeder","Cocoa Powder","Cacao en poudre","Kakaopulver","कोको पाउडर","Cacao in polvere","ココアパウダー","Kakao w proszku","Какао-порошок","Cacao en polvo","Kakaopulver"
"ingredient_pizza_dough",50108293131,"عجينة البيتزا","Тесто за пица","披萨面团","披薩麵團","Těsto na pizzu","Pizzadeeg","Pizzadeeg","Pizza Dough","Pâte à pizza","Pizzateig","पिज़्ज़ा आटा","Impasto per pizza","ピザ生地","Ciasto na pizzę","Тесто для пиццы","Masa de pizza","Pizzadeg"
"ingredient_tomato_sauce",50108293132,"صلصة الطماطم","Доматен сос","番茄酱","番茄醬","Rajčatová omáčka","Tomatensaus","Tomatensaus","Tomato Sauce","Sauce tomate","Tomatensauce","टमाटर सॉस","Salsa di pomodoro","トマトソース","Sos pomidorowy","Томатный соус","Salsa de tomate","Tomatssås"
"ingredient_spinach",50108293133,"سبانخ","Спанак","菠菜","菠菜","Špenát","Spinazie","Spinazie","Spinach","Épinards","Spinat","पालक","Spinaci","ほうれん草","Szpinak","Шпинат","Espinacas","Spinat"
"ingredient_mozzarella",50108293134,"موزاريلا","Моцарела","马苏里拉奶酪","馬蘇里拉奶酪","Mozzarella","Mozzarella","Mozzarella","Mozzarella","Mozzarella","Mozzarella","मोज़ेरेला","Mozzarella","モッツァレラチーズ","Mozzarella","Моцарелла","Mozzarella","Mozzarella"
"ingredient_oregano",50108293135,"أوريجانو","Риган","牛至","牛至","Oregano","Oregano","Oregano","Oregano","Origan","Oregano","ऑरेगैनो","Origano","オレガノ","Oregano","Орегано","Orégano","Oregano"
"ingredient_pepper",50108293136,"فلفل أسود","Черен пипер","黑胡椒","黑胡椒","Černý pepř","Zwarte peper","Zwarte peper","Black Pepper","Poivre noir","Schwarzer Pfeffer","काली मिर्च","Pepe nero","黒コショウ","Pieprz czarny","Чёрный перец","Pimienta negra","Svartpeppar"
"ingredient_salmon",50108293137,"سلمون","Сьомга","三文鱼","三文魚","Losos","Zalm","Zalm","Salmon","Saumon","Lachs","सैल्मन","Salmone","サーモン","Łosoś","Лосось","Salmón","Lax"
"ingredient_potato",50108293138,"بطاطس","Картофи","土豆","土豆","Brambory","Aardappelen","Aardappelen","Potatoes","Pommes de terre","Kartoffeln","आलू","Patate","ジャガイモ","Ziemniaki","Картофель","Patatas","Potatis"
"ingredient_carrot",50108293139,"جزر","Моркови","胡萝卜","胡蘿蔔","Mrkev","Wortelen","Wortelen","Carrots","Carottes","Karotten","गाजर","Carote","ニンジン","Marchewka","Морковь","Zanahorias","Morötter"
"ingredient_leek",50108293140,"كراث","Праз","韭葱","韭葱","Pórek","Prei","Prei","Leeks","Poireaux","Lauch","लीक","Porri","リーキ","Pory","Лук-порей","Puerros","Purjolök"
"ingredient_cream",50108293141,"كريمة","Сметана","奶油","奶油","Smetana","Room","Room","Cream","Crème","Sahne","क्रीम","Panna","クリーム","Śmietana","Сливки","Nata","Grädde"
"ingredient_dill",50108293142,"شبت","Копър","莳萝","蒔蘿","Kopr","Dille","Dille","Dill","Aneth","Dill","सोया","Aneto","ディル","Koper","Укроп","Eneldo","Dill"
"ingredient_eggplant",50108293143,"باذنجان","Патладжан","茄子","茄子","Lilek","Aubergine","Aubergine","Eggplant","Aubergine","Aubergine","बैंगन","Melanzana","ナス","Bakłażan","Баклажан","Berenjena","Aubergine"
"ingredient_zucchini",50108293144,"كوسة","Тиквичка","西葫芦","西葫蘆","Cuketa","Courgette","Courgette","Zucchini","Courgette","Zucchini","तुरई","Zucchina","ズッキーニ","Cukinia","Кабачок","Calabacín","Zucchini"
"ingredient_parmesan",50108293145,"جبنة بارميزان","Пармезан","帕尔马干酪","帕馬森乾酪","Parmezán","Parmezaan","Parmezaan","Parmesan Cheese","Parmesan","Parmesan","पार्मेसन","Parmigiano","パルメザンチーズ","Parmezan","Пармезан","Queso parmesano","Parmesan"
"ingredient_parsley",50108293146,"بقدونس","Магданоз","欧芹","歐芹","Petržel","Peterselie","Peterselie","Parsley","Persil","Petersilie","अजमोद","Prezzemolo","パセリ","Pietruszka","Петрушка","Perejil","Persilja"
"ingredient_tortilla",50112487424,"تورتيجا","Тортиля","玉米饼","玉米餅","Tortilla","Tortilla","Tortilla","Tortilla","Tortilla","Tortilla","टॉर्टिला","Tortilla","トルティーヤ","Tortilla","Тортилья","Tortilla","Tortilla"
"ingredient_beef",50112487425,"لحم بقري مفروم","Кайма","牛肉末","牛肉末","Hovězí mleté","Rundvleesgehakt","Rundvleesgehakt","Ground Beef","Bœuf haché","Hackfleisch","ग्राउंड बीफ","Macinato di manzo","牛ひき肉","Mięso mielone wołowe","Говяжий фарш","Carne molida de res","Nötfärs"
"ingredient_lettuce",50112487426,"خس","Маруля","生菜","生菜","Salát","Sla","Sla","Lettuce","Laitue","Kopfsalat","सलाद पत्ता","Lattuga","レタス","Sałata","Салат","Lechuga","Sallad"
"ingredient_cheddar",50112487427,"جبنة شيدر","Чедар сирене","切达干酪","切達乾酪","Čedar","Cheddar","Cheddar","Cheddar Cheese","Cheddar","Cheddar","चेडर पनीर","Cheddar","チェダーチーズ","Ser cheddar","Чеддер","Queso cheddar","Cheddarost"
"ingredient_salsa",50112487428,"صلصة السالسا","Салса","番茄莎莎酱","番茄莎莎醬","Rajčatová salsa","Tomatensalsa","Tomatensalsa","Tomato Salsa","Salsa tomate","Tomatensalsa","टमाटर सालसा","Salsa di pomodoro","トマトサルサ","Salsa pomidorowa","Томатная сальса","Salsa de tomate","Tomat salsa"
"ingredient_sour_cream",50112487429,"كريمة حامضة","Заквасена сметана","酸奶油","酸奶油","Zakysaná smetana","Zure room","Zure room","Sour Cream","Crème aigre","Schmand","खट्टी क्रीम","Panna acida","サワークリーム","Śmietana","Сметана","Crema agria","Gräddfil"
"ingredient_avocado",50112487430,"أفوكادو","Авокадо","牛油果","酪梨","Avokádo","Avocado","Avocado","Avocado","Avocat","Avocado","एवोकाडो","Avocado","アボカド","Awokado","Авокадо","Aguacate","Avokado"
"ingredient_peas",50112487431,"بازلاء","Грах","豌豆","豌豆","Hrášek","Erwten","Erwten","Green Peas","Pois","Erbsen","मटर","Piselli","グリーンピース","Groszek","Горох","Guisantes","Ärtor"
"ingredient_ghee",50112487432,"سمن","Гхи","酥油","酥油","Přepuštěné máslo","Ghee","Ghee","Ghee","Ghee","Ghee","घी","Ghee","ギー","Ghi","Топлёное масло","Ghee","Ghee"
"ingredient_cumin",50112487433,"كمون","Ким","孜然","孜然","Kmín","Komijn","Komijn","Cumin Seeds","Cumin","Kreuzkümmel","जीरा","Cumino","クミン","Kminek","Зира","Comino","Spiskummin"
"ingredient_spices",50112487434,"بهارات","Подправки","香料","香料","Koření","Kruiden","Kruiden","Spices","Épices","Gewürze","मसाले","Spezie","スパイス","Przyprawy","Специи","Especias","Kryddor"
"ingredient_wheat_dough",50112487435,"عجين القمح","Пшенично тесто","小麦面团","小麥麵團","Pšeničné těsto","Tarwedeeg","Tarwedeeg","Wheat Dough","Pâte de blé","Weizenteig","गेहूं का आटा","Impasto di grano","小麦生地","Ciasto pszenne","Пшеничное тесто","Masa de trigo","Vetemjölsdeg"
"ingredient_green_onion",50112487436,"بصل أخضر","Зелен лук","青葱","青蔥","Jarní cibule","Lente-ui","Lente-ui","Green Onion","Oignon vert","Frühlingszwiebel","हरा प्याज","Cipollotto","青ねぎ","Dymka","Зелёный лук","Cebolla verde","Vårlök"
"ingredient_sesame_oil",50112487437,"زيت السمسم","Сусамово олио","芝麻油","芝麻油","Sezamový olej","Sesamolie","Sesamolie","Sesame Oil","Huile de sésame","Sesamöl","तिल का तेल","Olio di sesamo","ごま油","Olej sezamowy","Кунжутное масло","Aceite de sésame","Sesamolja"
"ingredient_rice",50112487438,"أرز السوشي","Ориз за суши","寿司米","壽司米","Rýže na sushi","Sushirijst","Sushirijst","Sushi Rice","Riz pour sushi","Sushireis","सुशी चावल","Riso per sushi","寿司米","Ryż do sushi","Рис для суши","Arroz para sushi","Sushiris"
"ingredient_nori",50112487439,"أوراق نوري","Нори","海苔","海苔","Nori","Norivellen","Norivellen","Nori Sheets","Feuilles de nori","Noriblätter","नोरी शीट्स","Fogli di nori","海苔","Wafle nori","Нори","Hojas de nori","Noriblad"
"ingredient_fish",50112487440,"سمك نيء","Сурова риба","生鱼","生魚","Syrová ryba","Rauwe vis","Rauwe vis","Raw Fish","Poisson cru","Rohfisch","कच्ची मछली","Pesce crudo","生魚","Surowa ryba","Сырая рыба","Pescado crudo","Rå fisk"
"ingredient_wasabi",50112487441,"وسابي","Васаби","芥末","芥末","Wasabi","Wasabi","Wasabi","Wasabi","Wasabi","Wasabi","वसाबी","Wasabi","ワサビ","Wasabi","Васаби","Wasabi","Wasabi"
"ingredient_pasta",166848757751808,"فيتوتشيني","Фетучини","意大利宽面条","義大利寬麵條","Fettuccine","Fettuccine","Fettuccine","Fettuccine","Fettuccine","Fettuccine","फेटुचिनी
","Fettuccine","フェットチーネ","Fettuccine","Феттучине","Fettuccine","Fettuccine"
"ingredient_herbs",169555547643904,"أعشاب بروفانس","Билки Прованс
","普罗旺斯香草
","普羅旺斯香草
","Provensálské bylinky
","Provençaalse kruiden
","Provençaalse kruiden
","Herbs de Provence
","Herbes de Provence
","Kräuter der Provence
","हर्ब्स डी प्रोवेंस
","Erbe di Provenza
","プロヴァンスハーブ
","Zioła prowansalskie
","Прованские травы
","Hierbas provenzales
","Provencalska örter
"
"ingredient_ginger",170964758290432,"زنجبيل
","Джинджифил
","姜
","薑
","Zázvor
","Gember
","Gember
","Ginger
","Gingembre
","Ingwer
","अदरक
","Zenzero
","生姜
","Imbir
","Имбирь
","Jengibre
","Ingefära
"
"ingredient_pork",336743231381504,"لحم خنزير مفروم
","Свинска кайма
","猪肉末
","豬絞肉
","Vepřové mleté
","Varkensgehakt
","Varkensgehakt
","Pork Mince
","Viande de porc hachée
","Schweinehackfleisch
","सूअर का कीमा
","Maiale macinato
","豚ひき肉
","Wieprzowina mielona
","Свиной фарш","Carne picada de cerdo
","Fläskfärs
"
"ingredient_soy_sauce",336743231381505,"صلصة الصويا
","Соев сос
","酱油
","醬油
","Sójová omáčka
","Sojasaus
","Sojasaus
","Soy Sauce
","Sauce soja
","Sojasoße
","सोया सॉस
","Salsa di soia
","醤油
","Sos sojowy
","Соевый соус
","Salsa de soja
","Sojasås
"